Date,Open,High,Low,Close,Volume
1991-04-16,100,100,100,100,325
1991-04-23,95.7,95.7,95.7,95.7,5905
1991-04-30,93.5,93.5,93.5,93.5,7162
1991-05-14,92.9,92.9,92.9,92.9,18300
1991-05-21,95.5,95.5,95.5,95.5,14750
1991-05-28,94.6,94.6,94.6,94.6,31440
1991-06-04,95.8,95.8,95.8,95.8,12396
1991-06-11,95,95,95,95,26247
1991-06-18,85.7,85.7,85.7,85.7,33496
1991-06-25,84.1,84.1,84.1,84.1,25264
1991-07-02,88.1,88.1,88.1,88.1,31913
1991-07-09,85.7,85.7,85.7,85.7,36743
1991-07-16,82.5,82.5,82.5,82.5,42664
1991-07-23,84.4,84.4,84.4,84.4,48483
1991-07-30,81.6,81.6,81.6,81.6,33559
1991-08-06,78.5,78.5,78.5,78.5,46771
1991-08-13,76.3,76.3,76.3,76.3,26415
1991-08-20,74.8,74.8,74.8,74.8,30497
1991-08-27,73.1,73.1,73.1,73.1,37740
1991-09-03,71.8,71.8,71.8,71.8,36796
1991-09-10,70.7,70.7,70.7,70.7,50869
1991-09-17,68.5,68.5,68.5,68.5,52892
1991-09-24,67.2,67.2,67.2,67.2,92084
1991-10-01,67.1,67.1,67.1,67.1,256
1991-10-08,70,70,70,70,91260
1991-10-15,76.3,76.3,76.3,76.3,121743
1991-10-22,83.5,83.5,83.5,83.5,52543
1991-10-29,91.3,91.3,91.3,91.3,145326
1991-11-05,97.9,97.9,97.9,97.9,147129
1991-11-12,98.4,98.4,98.4,98.4,85897
1991-11-19,88.9,88.9,88.9,88.9,82486
1991-11-26,84.7,84.7,84.7,84.7,84286
1991-12-03,90.7,90.7,90.7,90.7,76462
1991-12-10,99.1,99.1,99.1,99.1,189231
1991-12-17,91.7,91.7,91.7,91.7,85
1991-12-31,90.9,90.9,90.9,90.9,108716
1992-01-07,96.4,96.4,96.4,96.4,70805
1992-01-09,95.3,95.3,95.3,95.3,39804
1992-01-14,92,92,92,92,51353
1992-01-16,90.5,90.5,90.5,90.5,40066
1992-01-21,93.7,93.7,93.7,93.7,52891
1992-01-23,94.2,94.2,94.2,94.2,34658
1992-01-28,92.3,92.3,92.3,92.3,55622
1992-01-30,92.7,92.7,92.7,92.7,112
1992-02-04,92.5,92.5,92.5,92.5,55407
1992-02-06,89.1,89.1,89.1,89.1,62355
1992-02-11,92.6,92.6,92.6,92.6,51178
1992-02-13,90.9,90.9,90.9,90.9,157443
1992-02-18,91.3,91.3,91.3,91.3,54385
1992-02-20,92.2,92.2,92.2,92.2,288317
1992-02-25,93.1,93.1,93.1,93.1,96758
1992-02-27,91.5,91.5,91.5,91.5,204230
1992-03-03,93.7,93.7,93.7,93.7,249419
1992-03-05,94.6,94.6,94.6,94.6,130876
1992-03-10,94.1,94.1,94.1,94.1,213041
1992-03-12,94.5,94.5,94.5,94.5,134709
1992-03-17,91,91,91,91,242877
1992-03-19,92.9,92.9,92.9,92.9,230104
1992-03-24,92.4,92.4,92.4,92.4,240762
1992-03-26,90.3,90.3,90.3,90.3,815934
1992-03-31,87.2,87.2,87.2,87.2,159758
1992-04-02,86.8,86.8,86.8,86.8,735932
1992-04-07,84.3,84.3,84.3,84.3,75408
1992-04-09,83.1,83.1,83.1,83.1,471964
1992-04-14,83.5,83.5,83.5,83.5,332564
1992-04-16,82.2,82.2,82.2,82.2,345235
1992-04-23,82.2,82.2,82.2,82.2,787677
1992-04-28,78.8,78.8,78.8,78.8,1208418
1992-04-30,76.5,76.5,76.5,76.5,1010245
1992-05-05,75.3,75.3,75.3,75.3,618295
1992-05-07,75.9,75.9,75.9,75.9,540569
1992-05-12,77.4,77.4,77.4,77.4,760902
1992-05-14,76.2,76.2,76.2,76.2,771442
1992-05-19,73.9,73.9,73.9,73.9,594536
1992-05-21,74,74,74,74,441589
1992-05-26,73.1,73.1,73.1,73.1,656051
1992-05-28,74,74,74,74,660426
1992-06-02,73.8,73.8,73.8,73.8,820627
1992-06-04,71.5,71.5,71.5,71.5,852442
1992-06-09,70,70,70,70,705777
1992-06-11,67.8,67.8,67.8,67.8,353346
1992-06-16,66.4,66.4,66.4,66.4,459906
1992-06-23,62.8,62.8,62.8,62.8,634572
1992-06-25,65.3,65.3,65.3,65.3,399021
1992-06-30,71.5,71.5,71.5,71.5,381545
1992-07-02,78.3,78.3,78.3,78.3,36365
1992-07-07,85.2,85.2,85.2,85.2,1492181
1992-07-09,86.1,86.1,86.1,86.1,1164413
1992-07-14,83,83,83,83,984868
1992-07-16,84.4,84.4,84.4,84.4,904914
1992-07-21,82.1,82.1,82.1,82.1,1090711
1992-07-23,84.1,84.1,84.1,84.1,1539688
1992-07-28,83.7,83.7,83.7,83.7,1575696
1992-07-30,83.2,83.2,83.2,83.2,1383872
1992-08-04,81,81,81,81,1023857
1992-08-06,80.2,80.2,80.2,80.2,753864
1992-08-11,80.5,80.5,80.5,80.5,852077
1992-08-13,80.3,80.3,80.3,80.3,568771
1992-08-18,79.9,79.9,79.9,79.9,647523
1992-08-20,80,80,80,80,820814
1992-08-25,81,81,81,81,918133
1992-08-27,84.1,84.1,84.1,84.1,1498890
1992-09-01,82.9,82.9,82.9,82.9,1176262
1992-09-03,82.8,82.8,82.8,82.8,849619
1992-09-08,81.9,81.9,81.9,81.9,1068323
1992-09-10,81.7,81.7,81.7,81.7,1139893
1992-09-15,84.6,84.6,84.6,84.6,1241646
1992-09-17,86.6,86.6,86.6,86.6,1171096
1992-09-22,86.7,86.7,86.7,86.7,1503395
1992-09-24,87.8,87.8,87.8,87.8,1351898
1992-09-29,90.2,90.2,90.2,90.2,1597274
1992-10-01,92.7,92.7,92.7,92.7,1093258
1992-10-06,92.1,92.1,92.1,92.1,1384106
1992-10-08,89.4,89.4,89.4,89.4,1259133
1992-10-13,86.7,86.7,86.7,86.7,1441791
1992-10-15,88.3,88.3,88.3,88.3,1297496
1992-10-20,92.2,92.2,92.2,92.2,1704266
1992-10-22,94.2,94.2,94.2,94.2,1308063
1992-10-27,95.1,95.1,95.1,95.1,2681652
1992-10-29,92.9,92.9,92.9,92.9,1827233
1992-11-03,91.5,91.5,91.5,91.5,1670665
1992-11-05,93.2,93.2,93.2,93.2,1037205
1992-11-10,93.3,93.3,93.3,93.3,1083726
1992-11-12,93.2,93.2,93.2,93.2,616125
1992-11-17,94.7,94.7,94.7,94.7,987654
1992-11-19,95.1,95.1,95.1,95.1,748662
1992-11-24,93.2,93.2,93.2,93.2,1097768
1992-11-26,95.4,95.4,95.4,95.4,1101177
1992-12-01,100.2,100.2,100.2,100.2,956462
1992-12-03,104.8,104.8,104.8,104.8,1749591
1992-12-08,105.8,105.8,105.8,105.8,1397195
1992-12-10,105.9,105.9,105.9,105.9,1267081
1992-12-15,105.6,105.6,105.6,105.6,1620471
1992-12-17,104.5,104.5,104.5,104.5,1103052
1992-12-22,103,103,103,103,1406144
1992-12-29,102.9,102.9,102.9,102.9,999046
1993-01-04,102.5,102.5,102.5,102.5,521145
1993-01-05,103.4,103.4,103.4,103.4,971042
1993-01-07,104.6,104.6,104.6,104.6,849019
1993-01-11,106.1,106.1,106.1,106.1,881346
1993-01-12,106.9,106.9,106.9,106.9,701730
1993-01-14,106.7,106.7,106.7,106.7,1145091
1993-01-18,107.3,107.3,107.3,107.3,992385
1993-01-19,106.9,106.9,106.9,106.9,562865
1993-01-21,106.7,106.7,106.7,106.7,1061338
1993-01-25,105.4,105.4,105.4,105.4,887006
1993-01-26,103.8,103.8,103.8,103.8,657058
1993-01-28,103.9,103.9,103.9,103.9,999260
1993-02-01,104.6,104.6,104.6,104.6,680944
1993-02-02,104.8,104.8,104.8,104.8,742014
1993-02-04,104.5,104.5,104.5,104.5,1042038
1993-02-08,104.4,104.4,104.4,104.4,909100
1993-02-09,104.2,104.2,104.2,104.2,496573
1993-02-11,103.8,103.8,103.8,103.8,775254
1993-02-15,104.1,104.1,104.1,104.1,444831
1993-02-16,104.8,104.8,104.8,104.8,568262
1993-02-18,103.6,103.6,103.6,103.6,1036121
1993-02-22,104,104,104,104,809122
1993-02-23,105.5,105.5,105.5,105.5,624670
1993-02-25,107.1,107.1,107.1,107.1,712318
1993-03-01,108.8,108.8,108.8,108.8,805263
1993-03-02,112.1,112.1,112.1,112.1,567846
1993-03-04,115.2,115.2,115.2,115.2,1366276
1993-03-08,118.7,118.7,118.7,118.7,2011285
1993-03-09,122.7,122.7,122.7,122.7,1524164
1993-03-11,125.4,125.4,125.4,125.4,2112550
1993-03-15,121.7,121.7,121.7,121.7,1649795
1993-03-16,121,121,121,121,763581
1993-03-18,123.1,123.1,123.1,123.1,479335
1993-03-22,124.8,124.8,124.8,124.8,2286277
1993-03-23,124.1,124.1,124.1,124.1,1410540
1993-03-25,126.5,126.5,126.5,126.5,1439363
1993-03-29,128.5,128.5,128.5,128.5,1061357
1993-03-30,128.8,128.8,128.8,128.8,770970
1993-04-01,127.9,127.9,127.9,127.9,891020
1993-04-05,128.6,128.6,128.6,128.6,727717
1993-04-06,129.6,129.6,129.6,129.6,865290
1993-04-08,133.5,133.5,133.5,133.5,1825048
1993-04-13,141.1,141.1,141.1,141.1,1785126
1993-04-15,151.4,151.4,151.4,151.4,2480655
1993-04-19,162.3,162.3,162.3,162.3,2099916
1993-04-20,175.4,175.4,175.4,175.4,2093680
1993-04-22,191.7,191.7,191.7,191.7,4155150
1993-04-26,192.8,192.8,192.8,192.8,3960830
1993-04-27,186.5,186.5,186.5,186.5,2067013
1993-04-29,181.7,181.7,181.7,181.7,2623531
1993-05-04,187.3,187.3,187.3,187.3,1764525
1993-05-06,200.5,200.5,200.5,200.5,2123488
1993-05-10,220.1,220.1,220.1,220.1,1307180
1993-05-11,241.8,241.8,241.8,241.8,2094465
1993-05-13,253.4,253.4,253.4,253.4,4153040
1993-05-17,251.3,251.3,251.3,251.3,4015681
1993-05-18,271.8,271.8,271.8,271.8,2943023
1993-05-20,296.9,296.9,296.9,296.9,4400339
1993-05-24,316.8,316.8,316.8,316.8,2283469
1993-05-25,342.4,342.4,342.4,342.4,1598039
1993-05-27,363.2,363.2,363.2,363.2,3326644
1993-05-31,374.1,374.1,374.1,374.1,3982528
1993-06-01,366.8,366.8,366.8,366.8,3236241
1993-06-03,331.6,331.6,331.6,331.6,3536866
1993-06-07,300,300,300,300,1669990
1993-06-08,270.9,270.9,270.9,270.9,1820196
1993-06-09,260.8,260.8,260.8,260.8,3990578
1993-06-14,285.8,285.8,285.8,285.8,877156
1993-06-15,313.5,313.5,313.5,313.5,1100333
1993-06-17,328.5,328.5,328.5,328.5,7781124
1993-06-21,317.8,317.8,317.8,317.8,3451725
1993-06-22,327.1,327.1,327.1,327.1,2958600
1993-06-24,336.1,336.1,336.1,336.1,5013158
1993-06-28,340.9,340.9,340.9,340.9,3708545
1993-06-29,346.4,346.4,346.4,346.4,2818864
1993-07-01,363.6,363.6,363.6,363.6,5007031
1993-07-05,396,396,396,396,4398006
1993-07-06,409.2,409.2,409.2,409.2,4511459
1993-07-08,384.1,384.1,384.1,384.1,4421925
1993-07-12,406.5,406.5,406.5,406.5,2435401
1993-07-13,411.7,411.7,411.7,411.7,2901565
1993-07-15,404.7,404.7,404.7,404.7,3067012
1993-07-19,410,410,410,410,4707051
1993-07-20,418.9,418.9,418.9,418.9,4221147
1993-07-22,414.6,414.6,414.6,414.6,2944593
1993-07-26,416.5,416.5,416.5,416.5,2169760
1993-07-27,416.7,416.7,416.7,416.7,1890626
1993-07-29,414.8,414.8,414.8,414.8,4059835
1993-08-02,418,418,418,418,2870685
1993-08-03,419.4,419.4,419.4,419.4,2464160
1993-08-05,440.1,440.1,440.1,440.1,4973445
1993-08-09,480.9,480.9,480.9,480.9,4891747
1993-08-10,518.9,518.9,518.9,518.9,3174635
1993-08-12,519.2,519.2,519.2,519.2,7205232
1993-08-16,543,543,543,543,4968870
1993-08-17,580.3,580.3,580.3,580.3,5107247
1993-08-19,593.7,593.7,593.7,593.7,4607982
1993-08-23,631.8,631.8,631.8,631.8,1960999
1993-08-24,692.2,692.2,692.2,692.2,2574483
1993-08-26,738.9,738.9,738.9,738.9,5770800
1993-08-30,689.2,689.2,689.2,689.2,6180986
1993-08-31,623.6,623.6,623.6,623.6,5841158
1993-09-02,681.5,681.5,681.5,681.5,3812590
1993-09-06,747.5,747.5,747.5,747.5,5659136
1993-09-07,706,706,706,706,6999123
1993-09-09,668.3,668.3,668.3,668.3,6228525
1993-09-13,668.8,668.8,668.8,668.8,4103683
1993-09-14,675.6,675.6,675.6,675.6,3123556
1993-09-16,697.5,697.5,697.5,697.5,4026487
1993-09-20,653.7,653.7,653.7,653.7,4205317
1993-09-21,611.9,611.9,611.9,611.9,2841332
1993-09-23,582.6,582.6,582.6,582.6,3198157
1993-09-27,578.1,578.1,578.1,578.1,3035793
1993-09-28,605,605,605,605,4042421
1993-09-30,623.1,623.1,623.1,623.1,3650325
1993-10-04,646.7,646.7,646.7,646.7,5933324
1993-10-05,669.4,669.4,669.4,669.4,5210754
1993-10-07,675.3,675.3,675.3,675.3,6134977
1993-10-11,708.3,708.3,708.3,708.3,5289038
1993-10-12,749.8,749.8,749.8,749.8,5169259
1993-10-14,765.3,765.3,765.3,765.3,6832544
1993-10-18,801.7,801.7,801.7,801.7,5184200
1993-10-19,796.2,796.2,796.2,796.2,3689601
1993-10-21,775.6,775.6,775.6,775.6,5206634
1993-10-26,765.2,765.2,765.2,765.2,5416528
1993-10-28,788.4,788.4,788.4,788.4,4021451
1993-11-02,809.7,809.7,809.7,809.7,4083845
1993-11-04,824.7,824.7,824.7,824.7,4576025
1993-11-08,815.5,815.5,815.5,815.5,5450618
1993-11-09,802.9,802.9,802.9,802.9,4701944
1993-11-10,836.5,836.5,836.5,836.5,3172262
1993-11-15,886.8,886.8,886.8,886.8,5632549
1993-11-16,904.4,904.4,904.4,904.4,4880745
1993-11-18,851.2,851.2,851.2,851.2,4368511
1993-11-22,815.8,815.8,815.8,815.8,4727511
1993-11-23,858.2,858.2,858.2,858.2,2973715
1993-11-25,880.1,880.1,880.1,880.1,4774934
1993-11-29,872.2,872.2,872.2,872.2,3441783
1993-11-30,876.7,876.7,876.7,876.7,3052153
1993-12-02,906.8,906.8,906.8,906.8,3532139
1993-12-06,947.7,947.7,947.7,947.7,4740091
1993-12-07,965.4,965.4,965.4,965.4,4385071
1993-12-09,963.2,963.2,963.2,963.2,4074817
1993-12-13,1015.7,1015.7,1015.7,1015.7,4076899
1993-12-14,1029.6,1029.6,1029.6,1029.6,3206540
1993-12-16,1055.6,1055.6,1055.6,1055.6,3623304
1993-12-20,1079.7,1079.7,1079.7,1079.7,4999127
1993-12-21,1122.6,1122.6,1122.6,1122.6,3549220
1993-12-23,1196.9,1196.9,1196.9,1196.9,5342432
1993-12-27,1267.3,1267.3,1267.3,1267.3,5212709
1993-12-28,1162.7,1162.7,1162.7,1162.7,4039055
1993-12-30,1229.8,1229.8,1229.8,1229.8,5742386
1994-01-03,1289.7,1289.7,1289.7,1289.7,4352850
1994-01-04,1319.4,1319.4,1319.4,1319.4,6227135
1994-01-06,1308.3,1308.3,1308.3,1308.3,7330693
1994-01-10,1316,1316,1316,1316,5820531
1994-01-11,1340.4,1340.4,1340.4,1340.4,4499420
1994-01-13,1395.7,1395.7,1395.7,1395.7,8009735
1994-01-17,1445.9,1445.9,1445.9,1445.9,8803557
1994-01-18,1491,1491,1491,1491,6640037
1994-01-20,1524.6,1524.6,1524.6,1524.6,9039115
1994-01-24,1566.7,1566.7,1566.7,1566.7,6016147
1994-01-25,1661.7,1661.7,1661.7,1661.7,4610084
1994-01-27,1801.2,1801.2,1801.2,1801.2,8310610
1994-01-31,1669,1669,1669,1669,11549975
1994-02-01,1505.4,1505.4,1505.4,1505.4,3352674
1994-02-03,1470.2,1470.2,1470.2,1470.2,7892018
1994-02-07,1595.4,1595.4,1595.4,1595.4,5253590
1994-02-08,1662.6,1662.6,1662.6,1662.6,7161644
1994-02-10,1710.4,1710.4,1710.4,1710.4,7756283
1994-02-14,1785.4,1785.4,1785.4,1785.4,6156348
1994-02-15,1858.6,1858.6,1858.6,1858.6,5863371
1994-02-17,1884.3,1884.3,1884.3,1884.3,7882007
1994-02-21,1913.9,1913.9,1913.9,1913.9,6552287
1994-02-22,1941.8,1941.8,1941.8,1941.8,4350393
1994-02-24,1957.8,1957.8,1957.8,1957.8,6997009
1994-02-28,1996.7,1996.7,1996.7,1996.7,4382215
1994-03-01,2004.5,2004.5,2004.5,2004.5,3817375
1994-03-03,1977,1977,1977,1977,4766718
1994-03-07,2012.9,2012.9,2012.9,2012.9,4330101
1994-03-08,2052.5,2052.5,2052.5,2052.5,3494654
1994-03-10,2038.9,2038.9,2038.9,2038.9,5248114
1994-03-14,2022.5,2022.5,2022.5,2022.5,3836023
1994-03-15,2047.5,2047.5,2047.5,2047.5,2959119
1994-03-17,1996.2,1996.2,1996.2,1996.2,4452392
1994-03-21,1820.5,1820.5,1820.5,1820.5,2905724
1994-03-22,1704.1,1704.1,1704.1,1704.1,3600083
1994-03-24,1830.9,1830.9,1830.9,1830.9,4662175
1994-03-28,1744.6,1744.6,1744.6,1744.6,4483353
1994-03-29,1586.5,1586.5,1586.5,1586.5,1984939
1994-03-31,1437.1,1437.1,1437.1,1437.1,2877940
1994-04-05,1362.9,1362.9,1362.9,1362.9,5011471
1994-04-07,1385.5,1385.5,1385.5,1385.5,4389803
1994-04-08,1324.4,1324.4,1324.4,1324.4,3333579
1994-04-11,1182.3,1182.3,1182.3,1182.3,763147
1994-04-12,1058,1058,1058,1058,500174
1994-04-14,986.7,986.7,986.7,986.7,1934018
1994-04-18,1037.9,1037.9,1037.9,1037.9,3747152
1994-04-19,1117.1,1117.1,1117.1,1117.1,4549712
1994-04-21,1295.1,1295.1,1295.1,1295.1,4448853
1994-04-25,1340.3,1340.3,1340.3,1340.3,7807114
1994-04-26,1208.2,1208.2,1208.2,1208.2,413567
1994-04-28,1089.5,1089.5,1089.5,1089.5,420070
1994-05-05,1126,1126,1126,1126,3149241
1994-05-06,1072.9,1072.9,1072.9,1072.9,4477044
1994-05-09,1028.8,1028.8,1028.8,1028.8,3722138
1994-05-10,1028.2,1028.2,1028.2,1028.2,2010774
1994-05-12,1055.4,1055.4,1055.4,1055.4,3218177
1994-05-16,1148.4,1148.4,1148.4,1148.4,3949985
1994-05-17,1132.2,1132.2,1132.2,1132.2,3402679
1994-05-19,1168.4,1168.4,1168.4,1168.4,3782689
1994-05-23,1210.2,1210.2,1210.2,1210.2,3986164
1994-05-24,1233.8,1233.8,1233.8,1233.8,4489340
1994-05-26,1215,1215,1215,1215,3919909
1994-05-30,1208.1,1208.1,1208.1,1208.1,4248906
1994-05-31,1190,1190,1190,1190,4491011
1994-06-01,1103.9,1103.9,1103.9,1103.9,3267612
1994-06-06,1047.8,1047.8,1047.8,1047.8,3207926
1994-06-07,1010.5,1010.5,1010.5,1010.5,4137795
1994-06-09,960.3,960.3,960.3,960.3,4025139
1994-06-13,865.8,865.8,865.8,865.8,591273
1994-06-14,784.4,784.4,784.4,784.4,2820447
1994-06-16,829.1,829.1,829.1,829.1,5161818
1994-06-20,780.4,780.4,780.4,780.4,4167941
1994-06-21,732.7,732.7,732.7,732.7,3416763
1994-06-23,713.3,713.3,713.3,713.3,6149078
1994-06-27,759.1,759.1,759.1,759.1,3878286
1994-06-28,783.2,783.2,783.2,783.2,2586745
1994-06-30,770.4,770.4,770.4,770.4,2639833
1994-07-04,792.8,792.8,792.8,792.8,2933926
1994-07-05,837.7,837.7,837.7,837.7,2531830
1994-07-06,873.3,873.3,873.3,873.3,2074659
1994-07-07,906,906,906,906,4091298
1994-07-11,950.1,950.1,950.1,950.1,4587858
1994-07-12,1014.2,1014.2,1014.2,1014.2,3854426
1994-07-13,1093.7,1093.7,1093.7,1093.7,4260343
1994-07-14,1028.9,1028.9,1028.9,1028.9,3333675
1994-07-18,1094,1094,1094,1094,5305280
1994-07-19,1153.3,1153.3,1153.3,1153.3,5801983
1994-07-20,1048.8,1048.8,1048.8,1048.8,5919855
1994-07-21,1089.4,1089.4,1089.4,1089.4,4064584
1994-07-25,1037.7,1037.7,1037.7,1037.7,3318477
1994-07-26,1026.5,1026.5,1026.5,1026.5,3532420
1994-07-27,1056.4,1056.4,1056.4,1056.4,2619281
1994-07-28,1059.4,1059.4,1059.4,1059.4,2695589
1994-08-01,1067.7,1067.7,1067.7,1067.7,2013492
1994-08-02,1082.4,1082.4,1082.4,1082.4,2092888
1994-08-03,1120.8,1120.8,1120.8,1120.8,2977948
1994-08-04,1161,1161,1161,1161,4142540
1994-08-08,1176.3,1176.3,1176.3,1176.3,3691108
1994-08-09,1159.5,1159.5,1159.5,1159.5,2582874
1994-08-10,1141.9,1141.9,1141.9,1141.9,2346877
1994-08-11,1146.7,1146.7,1146.7,1146.7,2393537
1994-08-16,1173.8,1173.8,1173.8,1173.8,2256458
1994-08-17,1190.6,1190.6,1190.6,1190.6,2635856
1994-08-18,1220.8,1220.8,1220.8,1220.8,3287912
1994-08-22,1219.6,1219.6,1219.6,1219.6,3796115
1994-08-23,1229.2,1229.2,1229.2,1229.2,2846979
1994-08-24,1175.3,1175.3,1175.3,1175.3,2091900
1994-08-25,1127.4,1127.4,1127.4,1127.4,2769556
1994-08-29,1130.3,1130.3,1130.3,1130.3,2587498
1994-08-30,1144.4,1144.4,1144.4,1144.4,2165139
1994-08-31,1101.3,1101.3,1101.3,1101.3,1846284
1994-09-01,1049.4,1049.4,1049.4,1049.4,1485396
1994-09-05,1026.6,1026.6,1026.6,1026.6,2165124
1994-09-06,942.3,942.3,942.3,942.3,2393445
1994-09-07,917.1,917.1,917.1,917.1,3808135
1994-09-08,991.7,991.7,991.7,991.7,1713759
1994-09-12,1041,1041,1041,1041,4953111
1994-09-13,964.3,964.3,964.3,964.3,2643615
1994-09-14,937.7,937.7,937.7,937.7,2151420
1994-09-15,950.9,950.9,950.9,950.9,1948068
1994-09-19,947.4,947.4,947.4,947.4,2225364
1994-09-20,916.1,916.1,916.1,916.1,1789692
1994-09-21,897.5,897.5,897.5,897.5,3167716
1994-09-22,899.9,899.9,899.9,899.9,1795077
1994-09-26,894.8,894.8,894.8,894.8,1965422
1994-09-27,856.5,856.5,856.5,856.5,1497288
1994-09-28,868.4,868.4,868.4,868.4,3299017
1994-09-29,903.7,903.7,903.7,903.7,1848063
1994-10-03,927.4,927.4,927.4,927.4,2331864
1994-10-04,939.3,939.3,939.3,939.3,2293303
1994-10-05,972.4,972.4,972.4,972.4,3161238
1994-10-06,972.4,972.4,972.4,972.4,2280062
1994-10-07,974.1,974.1,974.1,974.1,1861431
1994-10-10,943.7,943.7,943.7,943.7,2599159
1994-10-11,916.7,916.7,916.7,916.7,2355160
1994-10-12,914.6,914.6,914.6,914.6,1788636
1994-10-13,892.6,892.6,892.6,892.6,1460940
1994-10-14,899.3,899.3,899.3,899.3,1374980
1994-10-17,905.8,905.8,905.8,905.8,981688
1994-10-18,926.9,926.9,926.9,926.9,2235384
1994-10-19,911.2,911.2,911.2,911.2,1625934
1994-10-20,904,904,904,904,2577047
1994-10-21,881.9,881.9,881.9,881.9,1754089
1994-10-24,847.1,847.1,847.1,847.1,1860237
1994-10-25,832,832,832,832,2723680
1994-10-26,812.3,812.3,812.3,812.3,2212843
1994-10-27,789.2,789.2,789.2,789.2,2793162
1994-10-28,764,764,764,764,2395645
1994-11-02,790.3,790.3,790.3,790.3,1746949
1994-11-03,812.1,812.1,812.1,812.1,3130990
1994-11-04,783.8,783.8,783.8,783.8,3063592
1994-11-07,767.1,767.1,767.1,767.1,1487836
1994-11-08,760.3,760.3,760.3,760.3,1506488
1994-11-09,737.4,737.4,737.4,737.4,1619308
1994-11-10,717.8,717.8,717.8,717.8,1955398
1994-11-14,695.2,695.2,695.2,695.2,2266522
1994-11-15,662.4,662.4,662.4,662.4,3080382
1994-11-16,649.2,649.2,649.2,649.2,3536312
1994-11-17,691.7,691.7,691.7,691.7,3353778
1994-11-18,696.5,696.5,696.5,696.5,2915941
1994-11-21,663.9,663.9,663.9,663.9,2255346
1994-11-22,654,654,654,654,2616266
1994-11-23,668.8,668.8,668.8,668.8,2178462
1994-11-24,669.2,669.2,669.2,669.2,2564344
1994-11-25,673.3,673.3,673.3,673.3,1572217
1994-11-28,691.3,691.3,691.3,691.3,2518167
1994-11-29,730.7,730.7,730.7,730.7,3517569
1994-11-30,776.1,776.1,776.1,776.1,4653888
1994-12-01,793.5,793.5,793.5,793.5,4811563
1994-12-02,781.6,781.6,781.6,781.6,4307518
1994-12-05,789.3,789.3,789.3,789.3,4364990
1994-12-06,780.5,780.5,780.5,780.5,3929548
1994-12-07,744.9,744.9,744.9,744.9,2975168
1994-12-08,702.6,702.6,702.6,702.6,3058418
1994-12-09,680.6,680.6,680.6,680.6,3355128
1994-12-12,720,720,720,720,3948757
1994-12-13,720,720,720,720,3556776
1994-12-14,702.5,702.5,702.5,702.5,1478609
1994-12-15,700.7,700.7,700.7,700.7,1261313
1994-12-16,713.5,713.5,713.5,713.5,2733708
1994-12-19,735.9,735.9,735.9,735.9,3404149
1994-12-20,713.3,713.3,713.3,713.3,2355886
1994-12-21,717.2,717.2,717.2,717.2,1799796
1994-12-22,713,713,713,713,1730909
1994-12-23,716.1,716.1,716.1,716.1,2122683
1994-12-27,713.6,713.6,713.6,713.6,1426155
1994-12-28,705,705,705,705,1626241
1994-12-29,732,732,732,732,2444472
1995-01-02,749.7,749.7,749.7,749.7,2623478
1995-01-03,775.9,775.9,775.9,775.9,3763225
1995-01-04,760.8,760.8,760.8,760.8,3287448
1995-01-05,766.3,766.3,766.3,766.3,3090882
1995-01-06,735.3,735.3,735.3,735.3,1979411
1995-01-09,743.8,743.8,743.8,743.8,1569598
1995-01-10,721.9,721.9,721.9,721.9,1379210
1995-01-11,732.6,732.6,732.6,732.6,2270028
1995-01-12,726.5,726.5,726.5,726.5,1838003
1995-01-13,739.4,739.4,739.4,739.4,1853161
1995-01-16,740.6,740.6,740.6,740.6,2162509
1995-01-17,737.9,737.9,737.9,737.9,1880198
1995-01-18,733.4,733.4,733.4,733.4,1978861
1995-01-19,729.4,729.4,729.4,729.4,1700821
1995-01-20,718.5,718.5,718.5,718.5,1898106
1995-01-23,696,696,696,696,1547965
1995-01-24,679.1,679.1,679.1,679.1,2120862
1995-01-25,679.1,679.1,679.1,679.1,2244442
1995-01-26,662.2,662.2,662.2,662.2,1490103
1995-01-27,641.6,641.6,641.6,641.6,1296441
1995-01-30,632.8,632.8,632.8,632.8,1814923
1995-01-31,605.9,605.9,605.9,605.9,1972396
1995-02-01,615.5,615.5,615.5,615.5,2014314
1995-02-02,597.8,597.8,597.8,597.8,2199993
1995-02-03,586.7,586.7,586.7,586.7,1949411
1995-02-06,620.2,620.2,620.2,620.2,937601
1995-02-07,663.3,663.3,663.3,663.3,4506182
1995-02-08,653.1,653.1,653.1,653.1,3478111
1995-02-09,658.9,658.9,658.9,658.9,2537573
1995-02-10,648.7,648.7,648.7,648.7,2446711
1995-02-13,632,632,632,632,1410337
1995-02-14,646.1,646.1,646.1,646.1,1393876
1995-02-15,649.5,649.5,649.5,649.5,1500049
1995-02-16,657.4,657.4,657.4,657.4,1722527
1995-02-17,659.6,659.6,659.6,659.6,1763525
1995-02-20,648.7,648.7,648.7,648.7,1169064
1995-02-21,618,618,618,618,3328295
1995-02-22,615,615,615,615,1870329
1995-02-23,629.8,629.8,629.8,629.8,1852027
1995-02-24,678.9,678.9,678.9,678.9,5114083
1995-02-27,645.9,645.9,645.9,645.9,1763819
1995-02-28,632.3,632.3,632.3,632.3,1364431
1995-03-01,633.8,633.8,633.8,633.8,1071551
1995-03-02,641.3,641.3,641.3,641.3,1136307
1995-03-03,657.4,657.4,657.4,657.4,2343624
1995-03-06,660.9,660.9,660.9,660.9,1537590
1995-03-07,654.7,654.7,654.7,654.7,1745174
1995-03-08,653.3,653.3,653.3,653.3,1217610
1995-03-09,650.8,650.8,650.8,650.8,1329794
1995-03-10,638.9,638.9,638.9,638.9,1235977
1995-03-13,635,635,635,635,1153957
1995-03-14,618.8,618.8,618.8,618.8,1309188
1995-03-15,619.3,619.3,619.3,619.3,1036844
1995-03-16,612,612,612,612,1114170
1995-03-17,606,606,606,606,1190985
1995-03-20,600.1,600.1,600.1,600.1,1018265
1995-03-21,593.3,593.3,593.3,593.3,1198666
1995-03-22,584.5,584.5,584.5,584.5,1159118
1995-03-23,578.1,578.1,578.1,578.1,1065344
1995-03-24,581.3,581.3,581.3,581.3,1043791
1995-03-27,593,593,593,593,1250510
1995-03-28,577.8,577.8,577.8,577.8,1671827
1995-03-29,583.5,583.5,583.5,583.5,1455221
1995-03-30,594.5,594.5,594.5,594.5,1523178
1995-03-31,606.6,606.6,606.6,606.6,1530840
1995-04-03,605.3,605.3,605.3,605.3,1354081
1995-04-04,625.2,625.2,625.2,625.2,2306598
1995-04-05,643.5,643.5,643.5,643.5,2193462
1995-04-06,669.4,669.4,669.4,669.4,3736107
1995-04-07,689.9,689.9,689.9,689.9,3331389
1995-04-10,729.9,729.9,729.9,729.9,5239447
1995-04-11,741.3,741.3,741.3,741.3,5524200
1995-04-12,742,742,742,742,4628590
1995-04-13,709.9,709.9,709.9,709.9,4057733
1995-04-14,731,731,731,731,2653962
1995-04-18,764.7,764.7,764.7,764.7,2903277
1995-04-19,816.8,816.8,816.8,816.8,5366832
1995-04-20,849.4,849.4,849.4,849.4,10912212
1995-04-21,830.8,830.8,830.8,830.8,6935733
1995-04-24,882.3,882.3,882.3,882.3,3717283
1995-04-25,900.8,900.8,900.8,900.8,8993304
1995-04-26,840.3,840.3,840.3,840.3,5590869
1995-04-27,869.4,869.4,869.4,869.4,7035357
1995-04-28,853.3,853.3,853.3,853.3,6400038
1995-05-04,848.5,848.5,848.5,848.5,4594579
1995-05-05,834.2,834.2,834.2,834.2,4108917
1995-05-09,839,839,839,839,3571981
1995-05-10,864,864,864,864,4988168
1995-05-11,894.8,894.8,894.8,894.8,5614432
1995-05-12,915.2,915.2,915.2,915.2,5358786
1995-05-15,901.7,901.7,901.7,901.7,4593631
1995-05-16,864.8,864.8,864.8,864.8,3519266
1995-05-17,828.5,828.5,828.5,828.5,2930949
1995-05-18,817.9,817.9,817.9,817.9,4614319
1995-05-19,802.4,802.4,802.4,802.4,3630008
1995-05-22,761.8,761.8,761.8,761.8,3198922
1995-05-23,724.4,724.4,724.4,724.4,4059899
1995-05-24,776.8,776.8,776.8,776.8,3053795
1995-05-25,826.1,826.1,826.1,826.1,7027917
1995-05-26,782.2,782.2,782.2,782.2,3379987
1995-05-29,818.9,818.9,818.9,818.9,3557603
1995-05-30,768.7,768.7,768.7,768.7,3060969
1995-05-31,777.9,777.9,777.9,777.9,2689598
1995-06-01,742.1,742.1,742.1,742.1,2253607
1995-06-02,746.6,746.6,746.6,746.6,2471943
1995-06-05,785.3,785.3,785.3,785.3,1927603
1995-06-06,797.9,797.9,797.9,797.9,2308402
1995-06-07,799.9,799.9,799.9,799.9,2381055
1995-06-08,803.6,803.6,803.6,803.6,2764942
1995-06-09,796.8,796.8,796.8,796.8,1639681
1995-06-12,791.4,791.4,791.4,791.4,1500637
1995-06-13,788.8,788.8,788.8,788.8,1424187
1995-06-14,787.2,787.2,787.2,787.2,1415800
1995-06-16,762.9,762.9,762.9,762.9,1339835
1995-06-19,758.9,758.9,758.9,758.9,1273660
1995-06-20,781,781,781,781,1502074
1995-06-21,792.4,792.4,792.4,792.4,1717496
1995-06-22,790.1,790.1,790.1,790.1,1758721
1995-06-23,794.8,794.8,794.8,794.8,1449226
1995-06-26,822.2,822.2,822.2,822.2,3113093
1995-06-27,833.1,833.1,833.1,833.1,2799465
1995-06-28,820.1,820.1,820.1,820.1,1834016
1995-06-29,840.1,840.1,840.1,840.1,2456645
1995-06-30,849.9,849.9,849.9,849.9,3618467
1995-07-03,852.2,852.2,852.2,852.2,2172393
1995-07-04,846,846,846,846,3184085
1995-07-05,824.2,824.2,824.2,824.2,2201022
1995-07-06,827.6,827.6,827.6,827.6,1918186
1995-07-07,830,830,830,830,1681100
1995-07-10,829.2,829.2,829.2,829.2,1519208
1995-07-11,820.5,820.5,820.5,820.5,1759184
1995-07-12,803.7,803.7,803.7,803.7,1605969
1995-07-13,817.4,817.4,817.4,817.4,1860833
1995-07-14,821,821,821,821,1512433
1995-07-17,845.9,845.9,845.9,845.9,2582640
1995-07-18,871.8,871.8,871.8,871.8,3510732
1995-07-19,860,860,860,860,3523731
1995-07-20,857.8,857.8,857.8,857.8,2854676
1995-07-21,843.1,843.1,843.1,843.1,2269206
1995-07-24,824.5,824.5,824.5,824.5,1951810
1995-07-25,812.4,812.4,812.4,812.4,1901203
1995-07-26,816.6,816.6,816.6,816.6,2006617
1995-07-27,838.3,838.3,838.3,838.3,2917612
1995-07-28,831.6,831.6,831.6,831.6,2805582
1995-07-31,814.7,814.7,814.7,814.7,2087902
1995-08-01,811.8,811.8,811.8,811.8,1590937
1995-08-02,820.4,820.4,820.4,820.4,1573750
1995-08-03,816.3,816.3,816.3,816.3,2052891
1995-08-04,812.1,812.1,812.1,812.1,1524131
1995-08-07,819.2,819.2,819.2,819.2,1526917
1995-08-08,813.1,813.1,813.1,813.1,1276460
1995-08-09,813.5,813.5,813.5,813.5,1407143
1995-08-10,826.2,826.2,826.2,826.2,1944511
1995-08-11,841.1,841.1,841.1,841.1,2717688
1995-08-16,842.7,842.7,842.7,842.7,1917614
1995-08-17,838,838,838,838,2010789
1995-08-18,837.3,837.3,837.3,837.3,1491655
1995-08-21,839.8,839.8,839.8,839.8,1614751
1995-08-22,835.1,835.1,835.1,835.1,1747469
1995-08-23,835.1,835.1,835.1,835.1,1661086
1995-08-24,839.1,839.1,839.1,839.1,1149180
1995-08-25,841.2,841.2,841.2,841.2,1126727
1995-08-28,838.2,838.2,838.2,838.2,1158530
1995-08-29,835.4,835.4,835.4,835.4,1412130
1995-08-30,828.1,828.1,828.1,828.1,1436920
1995-08-31,824.7,824.7,824.7,824.7,1501028
1995-09-01,831.7,831.7,831.7,831.7,1359865
1995-09-04,844.8,844.8,844.8,844.8,2292627
1995-09-05,860.8,860.8,860.8,860.8,2582219
1995-09-06,863.1,863.1,863.1,863.1,2771088
1995-09-07,863.8,863.8,863.8,863.8,2223665
1995-09-08,883.6,883.6,883.6,883.6,3347306
1995-09-11,909,909,909,909,4368167
1995-09-12,925.4,925.4,925.4,925.4,4614761
1995-09-13,911.8,911.8,911.8,911.8,4001773
1995-09-14,929.1,929.1,929.1,929.1,3814539
1995-09-15,906.1,906.1,906.1,906.1,3454133
1995-09-18,882.9,882.9,882.9,882.9,2805175
1995-09-19,874.7,874.7,874.7,874.7,2862520
1995-09-20,885.7,885.7,885.7,885.7,2619874
1995-09-21,885.5,885.5,885.5,885.5,2085106
1995-09-22,885.4,885.4,885.4,885.4,1835243
1995-09-25,880.3,880.3,880.3,880.3,1831869
1995-09-26,878.4,878.4,878.4,878.4,1908865
1995-09-27,890,890,890,890,1643409
1995-09-28,882,882,882,882,2341351
1995-09-29,884.8,884.8,884.8,884.8,1864057
1995-10-02,879.6,879.6,879.6,879.6,1732856
1995-10-03,869.7,869.7,869.7,869.7,1878685
1995-10-04,845.3,845.3,845.3,845.3,1855772
1995-10-05,838.7,838.7,838.7,838.7,1644590
1995-10-06,846.5,846.5,846.5,846.5,1726997
1995-10-09,827.2,827.2,827.2,827.2,1795287
1995-10-10,805.7,805.7,805.7,805.7,1810070
1995-10-11,805.7,805.7,805.7,805.7,1721004
1995-10-12,810.1,810.1,810.1,810.1,1315308
1995-10-13,798.6,798.6,798.6,798.6,1157921
1995-10-16,812.7,812.7,812.7,812.7,1377813
1995-10-17,825.4,825.4,825.4,825.4,1747525
1995-10-18,825.5,825.5,825.5,825.5,2058462
1995-10-19,814.3,814.3,814.3,814.3,2126578
1995-10-20,789.7,789.7,789.7,789.7,1786639
1995-10-23,801,801,801,801,1463051
1995-10-24,796.3,796.3,796.3,796.3,1464878
1995-10-25,804.4,804.4,804.4,804.4,1252720
1995-10-26,810.7,810.7,810.7,810.7,1329123
1995-10-27,804.1,804.1,804.1,804.1,1443536
1995-10-30,801.7,801.7,801.7,801.7,1168267
1995-10-31,797.5,797.5,797.5,797.5,1406157
1995-11-02,824.7,824.7,824.7,824.7,1667950
1995-11-03,841.4,841.4,841.4,841.4,2323139
1995-11-06,849.8,849.8,849.8,849.8,2011006
1995-11-07,854.3,854.3,854.3,854.3,2118052
1995-11-08,863.1,863.1,863.1,863.1,2404881
1995-11-09,855.3,855.3,855.3,855.3,1971474
1995-11-10,844.6,844.6,844.6,844.6,1967136
1995-11-13,839.6,839.6,839.6,839.6,1609969
1995-11-14,842.4,842.4,842.4,842.4,1685160
1995-11-15,844.4,844.4,844.4,844.4,1396173
1995-11-16,843.8,843.8,843.8,843.8,1630025
1995-11-17,851,851,851,851,1787342
1995-11-20,817.7,817.7,817.7,817.7,3291062
1995-11-21,817.1,817.1,817.1,817.1,1788675
1995-11-22,834.2,834.2,834.2,834.2,2469221
1995-11-23,842.6,842.6,842.6,842.6,2372841
1995-11-24,837.8,837.8,837.8,837.8,1542842
1995-11-27,841.2,841.2,841.2,841.2,1426718
1995-11-28,847.1,847.1,847.1,847.1,2122313
1995-11-29,837.3,837.3,837.3,837.3,1880049
1995-11-30,834,834,834,834,1730211
1995-12-01,833.2,833.2,833.2,833.2,2173483
1995-12-04,840.3,840.3,840.3,840.3,1899762
1995-12-05,845.7,845.7,845.7,845.7,2661282
1995-12-06,830.3,830.3,830.3,830.3,1973662
1995-12-07,823.8,823.8,823.8,823.8,2737351
1995-12-08,819.1,819.1,819.1,819.1,1779585
1995-12-11,832.2,832.2,832.2,832.2,1527037
1995-12-12,831.1,831.1,831.1,831.1,2163609
1995-12-13,821.1,821.1,821.1,821.1,1783621
1995-12-14,821,821,821,821,1947696
1995-12-15,813.1,813.1,813.1,813.1,1942859
1995-12-18,810.4,810.4,810.4,810.4,1708513
1995-12-19,800,800,800,800,1677454
1995-12-20,771.7,771.7,771.7,771.7,2796969
1995-12-21,772.7,772.7,772.7,772.7,1847676
1995-12-22,785.1,785.1,785.1,785.1,1592496
1995-12-27,790.1,790.1,790.1,790.1,1392380
1995-12-28,797.1,797.1,797.1,797.1,2100768
1995-12-29,791.9,791.9,791.9,791.9,2069414
1996-01-02,810.7,810.7,810.7,810.7,890568
1996-01-03,822.9,822.9,822.9,822.9,2247575
1996-01-04,834.6,834.6,834.6,834.6,2884843
1996-01-05,870.5,870.5,870.5,870.5,4029881
1996-01-08,888.6,888.6,888.6,888.6,4406578
1996-01-09,920.5,920.5,920.5,920.5,5742643
1996-01-10,921.1,921.1,921.1,921.1,5551738
1996-01-11,935.7,935.7,935.7,935.7,5951699
1996-01-12,924.7,924.7,924.7,924.7,4678698
1996-01-15,920,920,920,920,2827541
1996-01-16,915.9,915.9,915.9,915.9,2431303
1996-01-17,925.6,925.6,925.6,925.6,2893987
1996-01-18,913.2,913.2,913.2,913.2,3304773
1996-01-19,903.2,903.2,903.2,903.2,3095453
1996-01-22,919.3,919.3,919.3,919.3,3067638
1996-01-23,925,925,925,925,2807760
1996-01-24,957.7,957.7,957.7,957.7,4418794
1996-01-25,1001,1001,1001,1001,7079558
1996-01-26,1028.9,1028.9,1028.9,1028.9,8104884
1996-01-29,1063.5,1063.5,1063.5,1063.5,8156858
1996-01-30,1065.2,1065.2,1065.2,1065.2,7389933
1996-01-31,1097.5,1097.5,1097.5,1097.5,8096251
1996-02-01,1087.4,1087.4,1087.4,1087.4,7209345
1996-02-02,1111.4,1111.4,1111.4,1111.4,7582903
1996-02-05,1114.4,1114.4,1114.4,1114.4,5948875
1996-02-06,1121.5,1121.5,1121.5,1121.5,4468906
1996-02-07,1115,1115,1115,1115,4405431
1996-02-08,1120.8,1120.8,1120.8,1120.8,4681193
1996-02-09,1137.5,1137.5,1137.5,1137.5,5840140
1996-02-12,1183,1183,1183,1183,11378887
1996-02-13,1137.7,1137.7,1137.7,1137.7,8062139
1996-02-14,1127.8,1127.8,1127.8,1127.8,5391210
1996-02-15,1123.3,1123.3,1123.3,1123.3,3876436
1996-02-16,1119.1,1119.1,1119.1,1119.1,4076944
1996-02-19,1114.8,1114.8,1114.8,1114.8,3479246
1996-02-20,1068.1,1068.1,1068.1,1068.1,3768456
1996-02-21,1064.7,1064.7,1064.7,1064.7,2655956
1996-02-22,1089.5,1089.5,1089.5,1089.5,3822490
1996-02-23,1084.3,1084.3,1084.3,1084.3,3913395
1996-02-26,1093.9,1093.9,1093.9,1093.9,3418290
1996-02-27,1101.4,1101.4,1101.4,1101.4,3458820
1996-02-28,1126.8,1126.8,1126.8,1126.8,3058956
1996-02-29,1163.1,1163.1,1163.1,1163.1,5315397
1996-03-01,1177.1,1177.1,1177.1,1177.1,4781526
1996-03-04,1207.7,1207.7,1207.7,1207.7,6811023
1996-03-05,1220.2,1220.2,1220.2,1220.2,8244938
1996-03-06,1257.3,1257.3,1257.3,1257.3,6055582
1996-03-07,1267.4,1267.4,1267.4,1267.4,6775638
1996-03-08,1282,1282,1282,1282,4975433
1996-03-11,1223.5,1223.5,1223.5,1223.5,4111076
1996-03-12,1218.8,1218.8,1218.8,1218.8,3453366
1996-03-13,1239.6,1239.6,1239.6,1239.6,3974888
1996-03-14,1220.1,1220.1,1220.1,1220.1,2946867
1996-03-15,1219.4,1219.4,1219.4,1219.4,5058821
1996-03-18,1249.8,1249.8,1249.8,1249.8,5606073
1996-03-19,1259.6,1259.6,1259.6,1259.6,6951813
1996-03-20,1249.5,1249.5,1249.5,1249.5,4982080
1996-03-21,1235.7,1235.7,1235.7,1235.7,4033212
1996-03-22,1203.7,1203.7,1203.7,1203.7,6048180
1996-03-25,1186.9,1186.9,1186.9,1186.9,5298408
1996-03-26,1186.1,1186.1,1186.1,1186.1,3153125
1996-03-27,1204.7,1204.7,1204.7,1204.7,3649615
1996-03-28,1192.3,1192.3,1192.3,1192.3,3676988
1996-03-29,1204.1,1204.1,1204.1,1204.1,5174777
1996-04-01,1220.8,1220.8,1220.8,1220.8,3345213
1996-04-02,1218.4,1218.4,1218.4,1218.4,4862139
1996-04-03,1208.5,1208.5,1208.5,1208.5,5461583
1996-04-04,1222.7,1222.7,1222.7,1222.7,3574731
1996-04-05,1231.1,1231.1,1231.1,1231.1,3389988
1996-04-09,1232.7,1232.7,1232.7,1232.7,3588218
1996-04-10,1232.1,1232.1,1232.1,1232.1,2788243
1996-04-11,1234.1,1234.1,1234.1,1234.1,2263951
1996-04-12,1233.2,1233.2,1233.2,1233.2,3016276
1996-04-15,1230.8,1230.8,1230.8,1230.8,3385213
1996-04-16,1242.8,1242.8,1242.8,1242.8,5087588
1996-04-17,1255.1,1255.1,1255.1,1255.1,5389598
1996-04-18,1253.7,1253.7,1253.7,1253.7,5997779
1996-04-19,1253,1253,1253,1253,4948839
1996-04-22,1268.5,1268.5,1268.5,1268.5,4727755
1996-04-23,1289.1,1289.1,1289.1,1289.1,5379209
1996-04-24,1290.8,1290.8,1290.8,1290.8,5657841
1996-04-25,1299.6,1299.6,1299.6,1299.6,5438593
1996-04-26,1290.3,1290.3,1290.3,1290.3,4651083
1996-04-29,1301.2,1301.2,1301.2,1301.2,4396098
1996-04-30,1298.9,1298.9,1298.9,1298.9,3647425
1996-05-06,1315.4,1315.4,1315.4,1315.4,4107642
1996-05-07,1378.1,1378.1,1378.1,1378.1,7579463
1996-05-08,1389.5,1389.5,1389.5,1389.5,7395919
1996-05-09,1400.7,1400.7,1400.7,1400.7,6490629
1996-05-10,1378.6,1378.6,1378.6,1378.6,5995384
1996-05-13,1374.7,1374.7,1374.7,1374.7,5316046
1996-05-14,1354.6,1354.6,1354.6,1354.6,5094704
1996-05-15,1342.6,1342.6,1342.6,1342.6,5529076
1996-05-16,1351,1351,1351,1351,4729107
1996-05-17,1358.2,1358.2,1358.2,1358.2,5450604
1996-05-20,1360.4,1360.4,1360.4,1360.4,5496324
1996-05-21,1337.4,1337.4,1337.4,1337.4,4591861
1996-05-22,1304.7,1304.7,1304.7,1304.7,4281909
1996-05-23,1261.2,1261.2,1261.2,1261.2,3628942
1996-05-24,1255.6,1255.6,1255.6,1255.6,5137442
1996-05-27,1255.7,1255.7,1255.7,1255.7,3454426
1996-05-28,1244.7,1244.7,1244.7,1244.7,2888308
1996-05-29,1252.7,1252.7,1252.7,1252.7,3561171
1996-05-30,1235.9,1235.9,1235.9,1235.9,2526061
1996-05-31,1251.1,1251.1,1251.1,1251.1,2681516
1996-06-03,1269.3,1269.3,1269.3,1269.3,2750693
1996-06-04,1297.5,1297.5,1297.5,1297.5,3038935
1996-06-05,1300.9,1300.9,1300.9,1300.9,3530215
1996-06-07,1331.2,1331.2,1331.2,1331.2,4117397
1996-06-10,1361.1,1361.1,1361.1,1361.1,3918827
1996-06-11,1371.7,1371.7,1371.7,1371.7,5053572
1996-06-12,1367.6,1367.6,1367.6,1367.6,3673721
1996-06-13,1367.1,1367.1,1367.1,1367.1,3122696
1996-06-14,1342.4,1342.4,1342.4,1342.4,2711564
1996-06-17,1352.1,1352.1,1352.1,1352.1,2882413
1996-06-18,1354.3,1354.3,1354.3,1354.3,2922631
1996-06-19,1365.7,1365.7,1365.7,1365.7,5143660
1996-06-20,1361.2,1361.2,1361.2,1361.2,3084043
1996-06-21,1369.4,1369.4,1369.4,1369.4,2477228
1996-06-24,1412.5,1412.5,1412.5,1412.5,3657796
1996-06-25,1437.8,1437.8,1437.8,1437.8,4542737
1996-06-26,1459.1,1459.1,1459.1,1459.1,5073841
1996-06-27,1451.9,1451.9,1451.9,1451.9,3996168
1996-06-28,1441.2,1441.2,1441.2,1441.2,3405074
1996-07-01,1447,1447,1447,1447,2437258
1996-07-02,1430.5,1430.5,1430.5,1430.5,2063286
1996-07-03,1430.1,1430.1,1430.1,1430.1,3074914
1996-07-04,1498.2,1498.2,1498.2,1498.2,3904848
1996-07-05,1513.3,1513.3,1513.3,1513.3,3176140
1996-07-08,1480.2,1480.2,1480.2,1480.2,3154126
1996-07-09,1465.1,1465.1,1465.1,1465.1,2469140
1996-07-10,1434.4,1434.4,1434.4,1434.4,2870666
1996-07-11,1415.5,1415.5,1415.5,1415.5,3162040
1996-07-12,1396.3,1396.3,1396.3,1396.3,3360895
1996-07-15,1407.7,1407.7,1407.7,1407.7,3293426
1996-07-16,1371.7,1371.7,1371.7,1371.7,2059246
1996-07-17,1347.8,1347.8,1347.8,1347.8,2622046
1996-07-18,1334.7,1334.7,1334.7,1334.7,2490433
1996-07-19,1327.1,1327.1,1327.1,1327.1,3121593
1996-07-22,1301.1,1301.1,1301.1,1301.1,2612563
1996-07-23,1292.7,1292.7,1292.7,1292.7,2450259
1996-07-24,1315,1315,1315,1315,3326831
1996-07-25,1335.2,1335.2,1335.2,1335.2,2478277
1996-07-26,1338.6,1338.6,1338.6,1338.6,2637275
1996-07-29,1363.2,1363.2,1363.2,1363.2,2213760
1996-07-30,1356.4,1356.4,1356.4,1356.4,2342439
1996-07-31,1351.6,1351.6,1351.6,1351.6,2047104
1996-08-01,1317.9,1317.9,1317.9,1317.9,2415303
1996-08-02,1288.1,1288.1,1288.1,1288.1,1585079
1996-08-05,1342,1342,1342,1342,2426239
1996-08-06,1329.9,1329.9,1329.9,1329.9,1666230
1996-08-07,1295.7,1295.7,1295.7,1295.7,1804201
1996-08-08,1311.1,1311.1,1311.1,1311.1,1970545
1996-08-09,1325,1325,1325,1325,1783498
1996-08-12,1318.7,1318.7,1318.7,1318.7,1547805
1996-08-13,1302.5,1302.5,1302.5,1302.5,1458868
1996-08-14,1306.4,1306.4,1306.4,1306.4,1907338
1996-08-16,1331.1,1331.1,1331.1,1331.1,2309459
1996-08-19,1360.5,1360.5,1360.5,1360.5,3582961
1996-08-20,1377.7,1377.7,1377.7,1377.7,3565635
1996-08-21,1378.2,1378.2,1378.2,1378.2,2719253
1996-08-22,1419.3,1419.3,1419.3,1419.3,3327853
1996-08-23,1449,1449,1449,1449,3288857
1996-08-26,1436.2,1436.2,1436.2,1436.2,2619435
1996-08-27,1413.5,1413.5,1413.5,1413.5,2007298
1996-08-28,1423.7,1423.7,1423.7,1423.7,1662353
1996-08-29,1415.4,1415.4,1415.4,1415.4,1681010
1996-08-30,1442,1442,1442,1442,2691034
1996-09-02,1455.3,1455.3,1455.3,1455.3,2879472
1996-09-03,1448,1448,1448,1448,2636960
1996-09-04,1436.8,1436.8,1436.8,1436.8,2651318
1996-09-05,1408.9,1408.9,1408.9,1408.9,2111946
1996-09-06,1401.6,1401.6,1401.6,1401.6,2288895
1996-09-09,1415.5,1415.5,1415.5,1415.5,1627135
1996-09-10,1436.7,1436.7,1436.7,1436.7,2384632
1996-09-11,1429,1429,1429,1429,2043016
1996-09-12,1448.3,1448.3,1448.3,1448.3,2160591
1996-09-13,1471.1,1471.1,1471.1,1471.1,3196076
1996-09-16,1507.6,1507.6,1507.6,1507.6,4566085
1996-09-17,1532.2,1532.2,1532.2,1532.2,4323770
1996-09-18,1534.7,1534.7,1534.7,1534.7,4734778
1996-09-19,1501.6,1501.6,1501.6,1501.6,3124758
1996-09-20,1496.6,1496.6,1496.6,1496.6,3043539
1996-09-23,1519.8,1519.8,1519.8,1519.8,2972771
1996-09-24,1511.2,1511.2,1511.2,1511.2,3332638
1996-09-25,1490.6,1490.6,1490.6,1490.6,3500626
1996-09-26,1495.5,1495.5,1495.5,1495.5,2292563
1996-09-27,1524,1524,1524,1524,3784165
1996-09-30,1517.2,1517.2,1517.2,1517.2,3354455
1996-10-01,1513.8,1513.8,1513.8,1513.8,4427449
1996-10-02,1513.9,1513.9,1513.9,1513.9,4384795
1996-10-03,1505.5,1505.5,1505.5,1505.5,3225771
1996-10-04,1513.6,1513.6,1513.6,1513.6,3491794
1996-10-07,1530.3,1530.3,1530.3,1530.3,3584411
1996-10-08,1551.6,1551.6,1551.6,1551.6,3846251
1996-10-09,1561.9,1561.9,1561.9,1561.9,4150564
1996-10-10,1559,1559,1559,1559,3918520
1996-10-11,1543.5,1543.5,1543.5,1543.5,2950380
1996-10-14,1541.5,1541.5,1541.5,1541.5,3035312
1996-10-15,1546.7,1546.7,1546.7,1546.7,2812153
1996-10-16,1546.2,1546.2,1546.2,1546.2,2703688
1996-10-17,1532.9,1532.9,1532.9,1532.9,2296829
1996-10-18,1522,1522,1522,1522,2883673
1996-10-21,1485,1485,1485,1485,2868108
1996-10-22,1456,1456,1456,1456,2537687
1996-10-23,1456.3,1456.3,1456.3,1456.3,2842554
1996-10-24,1414,1414,1414,1414,2828292
1996-10-25,1381.1,1381.1,1381.1,1381.1,2858063
1996-10-28,1348.6,1348.6,1348.6,1348.6,2725701
1996-10-29,1320.5,1320.5,1320.5,1320.5,2797588
1996-10-30,1361.7,1361.7,1361.7,1361.7,2912307
1996-10-31,1381.7,1381.7,1381.7,1381.7,3371015
1996-11-04,1387.8,1387.8,1387.8,1387.8,2513014
1996-11-05,1381.3,1381.3,1381.3,1381.3,2032529
1996-11-06,1424,1424,1424,1424,3389127
1996-11-07,1424.9,1424.9,1424.9,1424.9,2457848
1996-11-08,1417.2,1417.2,1417.2,1417.2,1739007
1996-11-12,1400.9,1400.9,1400.9,1400.9,1592306
1996-11-13,1382.7,1382.7,1382.7,1382.7,1863633
1996-11-14,1366.8,1366.8,1366.8,1366.8,2061993
1996-11-15,1380.5,1380.5,1380.5,1380.5,2091128
1996-11-18,1387.6,1387.6,1387.6,1387.6,1911481
1996-11-19,1386.8,1386.8,1386.8,1386.8,2429495
1996-11-20,1380.9,1380.9,1380.9,1380.9,1798618
1996-11-21,1387.4,1387.4,1387.4,1387.4,1642714
1996-11-22,1395.8,1395.8,1395.8,1395.8,2002676
1996-11-25,1400.3,1400.3,1400.3,1400.3,2330390
1996-11-26,1387.4,1387.4,1387.4,1387.4,1807166
1996-11-27,1394.2,1394.2,1394.2,1394.2,2772989
1996-11-28,1396.9,1396.9,1396.9,1396.9,2220307
1996-11-29,1406.7,1406.7,1406.7,1406.7,2291061
1996-12-02,1391.4,1391.4,1391.4,1391.4,2312726
1996-12-03,1386.7,1386.7,1386.7,1386.7,2739432
1996-12-04,1385.6,1385.6,1385.6,1385.6,2274486
1996-12-05,1398.2,1398.2,1398.2,1398.2,2463735
1996-12-06,1386.4,1386.4,1386.4,1386.4,2019211
1996-12-09,1368,1368,1368,1368,2376452
1996-12-10,1368,1368,1368,1368,2576524
1996-12-11,1389,1389,1389,1389,2085620
1996-12-12,1408.6,1408.6,1408.6,1408.6,2986649
1996-12-13,1408.9,1408.9,1408.9,1408.9,3236441
1996-12-16,1399.3,1399.3,1399.3,1399.3,2638305
1996-12-17,1398,1398,1398,1398,2717262
1996-12-18,1408,1408,1408,1408,2937913
1996-12-19,1412.2,1412.2,1412.2,1412.2,2753126
1996-12-20,1430.1,1430.1,1430.1,1430.1,2832251
1996-12-23,1451.5,1451.5,1451.5,1451.5,3492484
1996-12-24,1432,1432,1432,1432,2174495
1996-12-30,1428.2,1428.2,1428.2,1428.2,1601061
1996-12-31,1441.8,1441.8,1441.8,1441.8,2221331
1997-01-02,1448.6,1463.2,1448.6,1462.5,2260156
1997-01-03,1451.8,1458.7,1449.4,1449.4,2442818
1997-01-06,1449.6,1470.5,1449.6,1456.3,2568988
1997-01-07,1489.3,1515.3,1489.3,1515.3,3573386
1997-01-08,1518.3,1550.3,1518.3,1550.3,5416642
1997-01-09,1537.9,1564.8,1537.9,1559.6,4674870
1997-01-10,1551.9,1552.7,1547.1,1552.7,5936246
1997-01-13,1554.4,1559.4,1554.4,1558.2,3778241
1997-01-14,1564.3,1564.3,1553,1554.8,3234657
1997-01-15,1554.7,1575.7,1554.2,1557.7,3790332
1997-01-16,1586.2,1604,1571.5,1597.7,3658815
1997-01-17,1601,1613.6,1601,1613.6,4059878
1997-01-20,1599.1,1602.7,1592.2,1597.2,4212097
1997-01-21,1601.3,1601.3,1588.1,1600.4,4112747
1997-01-22,1616.4,1653.1,1616.4,1653.1,4433192
1997-01-23,1655.6,1686.8,1655.6,1686.2,5583041
1997-01-24,1695.8,1733.2,1695.8,1733.2,6338905
1997-01-27,1740.2,1749.1,1736.4,1737.4,6928328
1997-01-28,1712.1,1712.1,1685.2,1685.2,6204849
1997-01-29,1660,1672,1660,1664.6,5950190
1997-01-30,1647.6,1647.6,1633.1,1633.4,4207472
1997-01-31,1638.2,1655.8,1638.2,1655.8,3233979
1997-02-03,1677.9,1692,1677.9,1692,3603161
1997-02-04,1680.5,1680.5,1671.6,1673.5,4069888
1997-02-05,1679,1699.9,1679,1699.9,3785839
